,Participant id,Age,Sex
1,54dfac92fdf99b4b6b6595d9,55,Male
2,55ac3198fdf99b6de3b68b23,61,Male
4,560f54b3d4ab1e00126fb99f,46,Male
5,563a3788be9cac0011aaafac,54,Male
6,56ab6fd869b24700065cbdbd,58,Male
7,56bbad070b36c4000b4d4ef9,53,Male
8,56cf6e8d31a5bc0006e1cdf5,71,Female
9,571b3de05d40840013c49f3a,38,Female
10,573c6b96b3a71f00146df8c4,28,Female
11,573dbfc9cc30e7000dc57410,61,Female
12,5755c957eb80c4000741a9ce,43,Male
13,5791dae225cb71000128ad5b,47,Female
14,57a0d81d81f331000139d989,38,Male
15,57b4face0fc08b00019fe2fe,41,Female
16,57b715b842195e000159f82b,42,Female
17,57c426fa9fe51d00012391f1,61,Female
18,587b38ec3962c30001276c81,64,Female
19,588c98cf670d6600012bd774,65,Female
21,58a5cf959e040a0001399f07,34,Female
22,58f669cefb4d7500014af69b,50,Male
23,58f669cefb4d7500014af69b,50,Male
24,58ff31a1d10e2b000108579e,58,Male
27,5964e073241f8d0001065056,68,Male
28,596e1cc639e9d00001b7bb84,46,Female
29,5977986837d15f00016f1d08,50,Female
30,598afb77600a7a00018fabd7,55,Male
31,598b108e504c5200011964a1,40,Female
34,59a722657a657b0001aae223,39,Female
36,59dc924bbe399f0001e495f2,57,Female
37,59dd90f6e75b450001a68dac,39,Female
38,59e71a3b1ac65d0001eb47ac,51,Female
40,5a0a057c80acd80001047392,57,Female
41,5a0c4184fe645f0001e9f5dd,42,Female
42,5a145bbb9b760100013a7faf,27,Female
43,5a47473899311d0001df550e,43,Female
44,5a4a5db666e7880001de6366,56,Female
45,5a59c1dfeedc32000142835a,57,Female
46,5a5bd24be0cf3d000126849e,48,Female
47,5a7226d9f660ae0001a9a547,27,Female
50,5a9ebcc11eda410001368d0c,36,Female
51,5aa18536dbdb470001ef2cf1,34,Female
52,5ab94e8cf69e940001d8fd25,31,Female
53,5afbf02302b1b5000103e313,50,Female
54,5b0482fc325b6c0001bbb7f0,35,Female
55,5b1d867ac9d3cb000110529a,59,Female
56,5b25740da7cee100011d884b,33,Male
57,5b2a2d855b5c0900018b0bf5,50,Female
58,5b2eae5577b17f0001c037af,58,Female
59,5b564680ed90280001510d9a,40,Male
60,5b6f5150410d9d0001a551e4,41,Female
61,5b757a03976ecb0001b1168f,74,Female
62,5b99e1f94cac420001e3cf7c,28,Male
63,5b9ec956c8a17f000171f7ad,39,Male
64,5ba22638474398000172c47b,32,Male
65,5ba94943d08ab20001c8437a,36,Female
67,5bc07659b8d38c0001de0516,51,Female
69,5bda1da4d6fef5000181aab2,39,Male
71,5beddd59e4dbf300011c1d50,41,Male
72,5bffc3ae4108380001f5cd63,41,Female
73,5c01758473cbae00010f654a,70,Male
74,5c0cb29e1b80df00017843d2,34,Female
75,5c2d0d21e263990001799ef3,32,Female
77,5c3e562ebff5620001e34dd5,36,Female
78,5c4782d9cae0ab000188d2b4,55,Female
80,5c4f7b99b33a5300013dbfdd,30,Female
81,5c5cad3e4ee81200018eafe2,76,Female
82,5c62de3f48fe4e000180e09d,51,Female
83,5c63d689263b1b0001c66968,52,Female
84,5c6e60b04e08ad00018cc995,60,Female
85,5c7bc8ea5a669300172440fc,44,Female
86,5c7ceda01d2afc0001f4ad1d,46,Male
87,5c852c65f8e57d00158a12ca,69,Female
88,5c9697dcdd325800166f86b0,28,Female
89,5cb67a7ab73e8a001507fae5,56,Male
90,5cd31d68db60cb0017d4ac33,57,Female
91,5d190e1c686b190018ea4d86,39,Female
92,5d24b405e6537c0001e131ee,31,Male
93,5d3221b8eb6cfa0001950113,46,Female
95,5d4c78071b920f00198e8533,56,Female
98,5d60c4bfc253680017cf4c17,56,Female
99,5d68c8aa40524c00189e8ac2,35,Male
100,5d766978f47e6200019a2acf,29,Female
101,5d94ce7b72b4550016906484,32,Female
102,5d959fdf9cf6ab001982afee,42,Male
103,5da18dd5f362630015ee5f72,47,Female
104,5dcf4136cf8e7e086ea019e4,59,Female
106,5dd2d431181abc2ecde6edb4,70,Female
107,5dfab99508267580dcdafe05,42,Male
108,5e0efd517adf4b61a5d1c34a,44,Female
109,5e2aff771df53c14b3fcff24,38,Male
110,5e2df53ff420f03dee6a87b7,32,Male
114,5e5a96f5a2f2c528edf70f6e,38,Female
115,5e7b804f9379140478c688da,30,Male
116,5e96e85aa7f126177e00ea9f,30,Male
117,5ea0b2cbf710490ac2644b7e,71,Male
118,5ea950e4befef302772be716,25,Male
119,5eb7094fbb8ed70b61398cff,47,Female
120,5ebd841ddea21b08a0aa3057,26,Female
122,5ed559e5afbd830e2117ed55,65,Male
123,5ee4aab1232e9d1b4d791bae,46,Male
124,5eeb2b8a36774c27657f227c,55,Female
125,5ef7783026861249d8eb58ef,56,Male
126,5efb49177e130c0785b93842,32,Female
128,5f1c2ebf1d8b7c48ad3ec3db,59,Female
129,5f27f6a0e13d4e05d048335f,55,Male
130,5f392fae9168cc472f0468f6,78,Male
131,5f3d429e599d9708bd5ffb2c,45,Female
132,5f3ec93efbd299158253f283,54,Male
133,5f44021f15c23f6e8e413b91,33,Male
134,5f4a7a00dc1bde60ab8f7ac5,32,Male
135,5f57be602095072bb238a7ab,49,Female
136,5f58d0f9a1593b0660e2797a,35,Female
137,5f58e2ebb27d050941be1694,33,Male
138,5f61ba7cfdaccd165da6985b,49,Male
139,5f620fdcc464341e830b3866,37,Female
140,5f68d4c59b202b055cc873e5,25,Male
141,5f6f3b4884cdf34934e9db6f,47,Female
142,5f78eb1e3074f64de5e59754,31,Female
143,5f84e472052cf81ae5752252,35,Female
144,5f90325ec862210945030a1c,29,Female
146,5fa4faf94527261b54915c03,41,Female
147,5fa9392c0cc79c03b3f4eb58,50,Female
148,5face5c376854331c289c883,28,Female
149,5fc02b9748257b49041566e5,33,Female
150,5fcca7bf6a7182b003b32a36,54,Male
151,5fe848f115b59b69cf9b06b6,70,Female
152,5ff31bb30ad48b8743d2caaf,34,Female
154,5ffe71d2898ab24e97147724,24,Female
155,6002ae1ea178912bfa128adf,50,Female
156,600b7d55f73c7915c80a61e2,55,Male
158,601129f77e0c21000b0c408a,27,Male
160,60205f5ba5fe0165fa0e5e01,29,Male
161,60214feec65df50cd6837a48,34,Female
162,6021b4592cecf2216baabfed,25,Male
164,602cf4568083d86318913385,32,Female
165,603cf2a6686c57b11af39499,37,Male
166,603cfe49880ceeb4bf3aa72e,34,Female
167,604b2da4f24a3d7a227553a0,32,Male
168,604fa685e33606f9a0ee8189,30,Female
169,6054ce9cd4e5c96ab84e9113,28,Female
170,605562b516e3cf830c62a216,24,Male
171,60578c6bcf9ae41762bd8adb,41,Male
172,605e491b152b38b079a9ca7c,43,Female
173,6065a8becc1f681d7a36115e,38,Female
176,6083f5368c421b6547fd05c1,39,Male
177,609a83645a6b336762951202,26,Male
179,60a2dbe656a4eebbf0152bdc,28,Female
180,60aad516e34718d318bfb44d,32,Female
181,60b6245e249c0b94ab54dd2e,31,Female
182,60b8e84804e38fb3c6b5b153,28,Female
184,60c076e9ce50e01ef77bdcdb,29,Female
185,60c12fe6ca8c4aa6d0185190,42,Male
186,60c20abfdccab926283d8f7f,30,Female
187,60c969c12749ced10866921d,64,Male
188,60cb7b886ca0e12860f54933,56,Female
189,60ce6af707bcd42cbc885210,70,Female
190,60cf411960ebf009b1e9a598,33,Male
192,60d2fdf44a025ffbad692f61,28,Female
193,60ddc62b071a009e0b0c2922,40,Male
194,60e7568c4852517f1a4135a1,41,Female
195,60f20aac9a3cd813c94175b4,44,Female
196,60fb26e75427cb8125f2e4a4,56,Female
197,60fdd0b4f6dd3ba555f0f9db,39,Female
198,61002b95d3b31b9a98e15b83,24,Female
199,61096b18dc10f2a5fb0db48b,46,Male
200,6109eb08329f8084a5d35d03,26,Female
201,610d4df86c4abc6b5ced6fa0,45,Female
202,61112576c81c42b0409bd52a,45,Female
203,6130f53a32652a779403e9ad,34,Female
204,613bae70cab01ced932e5e9f,33,Female
205,613dd5fb512aabe8d5d32393,36,Female
206,614f74c86e809d190daf00a4,56,Female
207,6156fe57a77ed18bda735726,55,Male
208,615eda024a5f84f408625b4f,36,Male
209,616c1cc2510fe9022f6577f8,56,Male
210,6234e1b277e7fe207a9ad500,56,Male
212,628680b0d4bdb53d2edbeae2,59,Female
213,628deac8711dee5dbda650ae,34,Male
214,628f7e982aad1788d940317a,72,Male
215,62a48506f3909024ebb98ea5,22,Male
216,62a8e8d53d81e31a0c0331d3,43,Male
217,62b3c8016e76899af112f229,64,Male
218,62b44f66a16d45783569fad6,33,Male
219,62b722b5892044fe80d8bdcb,68,Male
220,62c3430ae19d78462af9e743,40,Male
221,62c4590804317dc197ecbe8a,53,Male
223,62e023ed4b0fdb8c95a9e47f,57,Male
224,62ead0772116e6bc70b7cd09,55,Female
225,62f3b543dce069211e8e982c,66,Male
226,62fccb9647eb07d62e9b6baa,65,Male
227,62fd14d7b1e0729dc8aadb79,34,Male
229,63207e25241a6fad058a6a2a,37,Male
230,63337737be6252ad76e5f983,65,Male
231,6357a92c14a05d21ebdd897f,35,Male
232,6361bfe81e0da4a406b33f1e,33,Male
235,63a7036757c246aaa3ad90f5,58,Female
237,63bd9ac0dc52225142c5b1d4,63,Male
238,63ced2ac873e8ce2bfbd9f0f,39,Male
239,63cedafa29d08471b828a96a,47,Female
240,63d1c3aec175ba81e9f50cf9,27,Male
241,63d6873b65a6170d64a652f6,43,Male
242,63dacd0c56169ef0c332c1c5,46,Male
243,63ed4ffc9e011d70035477c5,34,Male
244,63f7df76fda679592c5132bf,42,Female
245,642f61481e01b1f9e29cff4b,60,Female
246,6467ff833cb33014782d06fd,71,Male
247,649ed52c6deb05c245aa42db,36,Male
248,64aff5b6e3a4da1b1a0e0f4e,23,Female
249,64e6b4025cbe79c020343121,41,Male
250,650aed4bc8f77b094031b0e5,33,Female
251,652408b110c19343a504c45a,69,Male
252,652be55d3d99a68b56fe7d56,43,Female
253,654cfad67f990b0393b85132,59,Male
254,656c913082d8f0267db9ecb5,30,Female
255,657a59ca40daebdb26cb31af,26,Female
257,659deb38c2d44ac89a12c1c4,26,Male
258,65c242831388550b0a42bd25,48,Female
259,65cbbbcc5c1ef8b850c91eb5,68,Male
260,65de4d54269d8268d0f61618,46,Male
261,65e6238e5774c7e869f5defd,21,Male
262,65f8d23136abafe80c61998a,30,Male
263,65feaaac53eb219f09ad5ea0,25,Male
264,66019f5e10adbe524f2a844a,51,Female
265,660d53ffb54d05e5ae6c56f2,34,Male
266,660ea65b18972d0e6a14a896,59,Female
267,660eb0b257ea5439cd5e020a,67,Male
268,66106c0aa183860531b090c3,33,Female
270,66200b032829f40f3664afdf,51,Female
271,663b9428f987ff46c0638ad1,21,Female
272,663f7196a07afa04b277db38,58,Female
273,6645f995e0681bc0c887d5a5,37,Male
274,6647c117352b708167ccfd48,55,Female
276,665486f73c9f68e40025d1d6,32,Male
277,6658b1715e1a41dd45542d08,29,Female
279,6668c9df1d76dc85e0f95d40,29,Female
280,6670933a7b03e479d7ff8115,24,Male
282,667ee9872c3aa11f8d15f318,23,Male
283,667ef3c6b1ce7f18e774b31b,56,Female
284,6682ac2ae129d7f95e4dace7,60,Female
285,66869f626754bf89bf23be80,22,Male
286,668a19f1edd91f3ef0a55fe2,31,Female
287,6691641b6724549f46d3d8d3,26,Female
288,669533c82c03a4d6320159d3,39,Female
289,6697cf02d714e7ee3fdedcec,42,Male
290,669822e8dc9cf1a2a30dc3e5,34,Female
291,669b8df6463407058421a75d,45,Female
292,66b60dafb85ab92bec7dbbc1,46,Female
293,66b61acfc1dbddd8d87c1ee4,46,Female
295,66b792a09354b3fa1a3c5af9,28,Male
298,66c20b634a3b292d25596fbc,53,Male
300,66c6683f6336ebf638da4db4,58,Male
301,66c764bb87f9e57e31bb6901,63,Female
302,66c8a81f25959e5f183e2bb3,70,Female
304,66d076c43e5884e2da9ba056,44,Female
305,66d26b17a28e77051a40fd99,59,Male
306,66d29886c53f1949f8275cba,32,Male
307,66d4407f31981698998d25d8,38,Male
308,66deb0ffee8bd891e059b4aa,39,Male
309,66e0184c55c6299d2c7c0101,68,Male
310,66e1961788c0c89fa75ecb42,49,Female
311,66e42249ff3f1be588b9bf04,64,Male
312,66e7853b4e311a12f93b5411,58,Female
313,66e978d9c3108fbcc509c8fe,56,Male
314,66ef36768bc403140fa01e35,36,Female
315,6702f60844f21087e0840e3d,31,Female
316,670bd903349d5d24bc92dcb0,44,Female
317,671038fb26ff82aa6081d040,57,Male
318,6712618d06bcc8e18704a774,26,Male
319,67139698ab79b82f8afd1e93,31,Male
320,671945415306a21c2c56a562,41,Male
321,6719761fc33e7e0d88199445,34,Male
324,6720fbc84253185973cbe564,37,Male
325,6722aae192661854dd9a1c6d,52,Female
326,6724ffedb2e2d24cb30de26f,30,Male
327,672539aa74aa5a08ab440626,48,Female
329,6730f965beb7513190d2be93,62,Male
330,67320d1162471de1917ec0f1,47,Female
331,67380a0419c95d7829fc2144,27,Male
332,67456b8ca7f25ce61e1d6ecd,46,Male
333,6752efd86136ec83b4e576bc,35,Male
334,675a2864cf3d9d870639c42b,26,Male
337,676059a89a0c103ec2d1f45e,46,Female
338,676061b0d6e01e2e9548a4b9,21,Female
339,676069ee1bbc5b99ae53e730,42,Female
340,6763577c8cfe32b40afdd050,26,Female
342,6766deef2e4e127d7fc3c293,37,Male
343,67682ad300f66f4458b3ec05,58,Male
344,67696e1e6cf66476feee240e,70,Male
345,67698c3573d3cbf6add78578,27,Female
346,676ca3da9773676ad989ef10,57,Male
347,676dda3c675b4d515d06c81e,64,Male
348,676de75888d93adec606bbc7,35,Male
350,67740dc45be1bcdc911ee2fe,43,Female
351,6777b316903f1b12e902e041,19,Female
352,677968daf8dc4ddeecc53a73,51,Female
353,677b8e386966144d94556597,53,Male
354,677c480d58ff15f788e9fb86,41,Female
356,6783ebc2e89b75d66d952f41,59,Male
357,678b5f5e023e304c0386d11f,34,Female
360,679153802a458f825959cf4a,46,Male
361,67a512649c0c090e741461df,48,Male
362,67a54503a9d38ce3140394eb,55,Female
363,67acde79313292059de8a627,39,Female
364,67e80b7b69a2afc3b988096b,30,Female
365,680e1b9a36b987121bbc9c9a,52,Female
366,68109d22b0ba84c17333ecab,52,Male
367,681b781064a5701a5ceee3bc,55,Female
369,6912ab1c087ad5a3186877dc,54,Male
370,6913841eb8401318b47d0682,29,Female
371,6918ad14fcfdc8ec8f99d226,39,Female
372,6925835a3a74d81548f92aa6,56,Female
373,69309f7da595fb656eebdeb1,47,Female
374,693161add573267ab6d4e2ba,24,Male
375,6932f4001473623225ce70c7,27,Male
376,6934d15f5d001b383f9366a9,32,Female
377,693c78e3dc12dfc44f76b868,44,Female
378,694183878f51179c3e7008a0,25,Female
380,69418da4661dc6936bf50baf,54,Female
382,694a387a067835f486de3968,20,Female
384,695f9f814c128ad2468d5424,30,Male
385,695fa35f6b6b8681f2f81a69,49,Female
386,695fce769624d60dc12f6698,61,Male
387,6962f0990040e5488a1a55c2,31,Male
388,696e00c36e8b2550657e45f7,24,Male
389,6978c4ce16debe179b052814,25,Female
390,6978c7c7fd049938a72db4ac,21,Female
391,6978d0c62defec8ac81f940b,33,Female
392,6978e94c86ef2c792e089759,33,Female
393,697cc014876ec1d90819345f,40,Male
394,697de59f43321b7872c7a2aa,27,Female
395,6980965c3d62835f7947c33e,42,Male
396,6980b1267b5c621122264954,33,Male
397,698104dbb695e592122c9cd0,22,Female
398,698610aa74ee7f24df0e261d,38,Female
399,69883330029e2f836b6dda6b,41,Male
401,698b363c9e1341a1cc7874de,52,Male
403,698dfce6834300c78cfd4a8f,28,Male
405,6997605bad728beebddd763c,56,Male
406,6997657c634ff1298999e05a,48,Female
407,69988bff97655dec17a0f69c,64,Female
409,699ad28882624b23f9713908,29,Male
410,699ca1d819e8b3d00305124c,25,Male
412,69a4ad1532ce22d1674738a9,27,Female
413,69a5b4a02ee7ef78e691c8e6,34,Male
414,69a6f6cbcf9feb1f22e44a55,39,Male
416,69aad78c973bf98429908055,21,Male
417,69aae063e513f5518031a19e,31,Female
419,69abe52064f81f9ea666272f,51,Female
420,69ac80094c5494db959077d6,31,Male
421,69ac96e9cf57af07fdd54227,53,Female
422,69b0807c1fbb0d3519a7b469,19,Male
423,69b56c2c0c9460b5e5269b75,45,Male
424,69b7066821134c0b0e890738,35,Female
425,69bd7e7515dad02dd35984c4,49,Female
426,69becb435c5d162e6570e114,56,Male
427,69bfa90568c64f3e06f1a32e,50,Male
428,69c13c0ad9ea03501703d527,24,Female
429,69c2a43087e0fee8b0259b11,40,Male
430,69c2a6ec39af7c4c4c681804,23,Female
431,69c2f801151192cff998f687,26,Female
432,69c3c3cbb3e057fd06dd2fe0,45,Male
433,69c9de370243c51e405a3273,26,Female
435,69cecbf384f6382e38938fd3,29,Male
436,69d2dbab29ed321c1b402b5e,25,Male
437,69d60b821c7fcd0fae5faf58,22,Female
438,69d6a07fd14422d3aa5e198b,52,Male
439,69dc2503349e5a0d2437e325,65,Male
441,69dfba233431478474112c23,24,Male
442,69e0d7dc20fdcf87453cf9bf,58,Male
443,69e28c2e9ef926bf4dd91af3,75,Female
444,69e75852e0e554dcfeac8491,33,Female
445,69e7db68324acdb3ecbe1dec,53,Female
446,69e7e1cefdbf2fd0e0e6a006,45,Female
449,69e8b296cf58f745dc89bacd,44,Female
450,69e8d5e7f1abaa500ce31a11,33,Female
451,69e8e3a54c2ee666d6731e5d,31,Female
452,69ea10bc99a72a5989fcd5ef,31,Female
453,69ea1ce282df29c7809094c8,43,Male
454,69ea53a90c6cacb935a68043,36,Male
455,69eb7bae75719746339f8c6a,37,Male
457,69ebc08476719be8a035de6d,58,Male
458,69ebdce97dc61100ed07e6e7,64,Male
459,69edaf6bbef675b4bb5bb0aa,25,Female
461,69efb9b420360a885dd4433c,45,Female
462,69efbf25ced2d080cad5a7ca,30,Female
463,69efd6151ba08c73e53425b8,39,Female
464,69f07fc7acc7ac05a485da7b,42,Male
467,69f0e0c2e70dfd599fd7423a,24,Female
468,69f0e10237e70629b1851b6f,52,Male
469,69f1386d8f8e9af4ec5759a7,30,Female
470,69f157ca46c5bfa7f87cd82c,30,Female
472,69f205e81325e0942cd07d79,19,Female
473,69f2256d32190e4061c897d8,45,Female
474,69f22f791b22ddcebf1931c2,58,Female
475,69f25a06e6dfc9f5ecaf7b31,47,Male
478,69f33a0df95941e92ce7d3ed,37,Female
479,69f349141b7a57cdd52b671c,27,Female
482,69f3aee6954f6759dcb176b0,24,Male
483,69f3bcd5781bd961d2a5f880,35,Male
484,69f4765b9bfd320086f11f14,26,Female
485,69f48670cedd5791181362cb,41,Male
486,69f4e063ee719729b9ca83a8,31,Female
487,69f534af41557cc2ac117753,46,Male
488,69f54700a9469286e9f0ee46,21,Female
489,69f58465fa29b67f229edcb1,33,Female
491,69f64280ed4e3ec5e382b97b,34,Female
492,69f733b2f95f8b1c500057a1,31,Female
494,69f863bcdbfcc23402f0d632,19,Male
495,69f8732d1d2edcfa398b2990,43,Female
496,69f935f9163bfe4f8d29cafc,62,Female
497,69f98463f2070bddf692b800,33,Male
498,69fbbf068e8e0eff0abbd446,30,Male
499,69fc2d7674f4ab68ebfd7559,59,Female
500,69fc48e235071e4a6a832423,60,Male
501,69fcb26251b7047bcc4538cd,24,Female
502,69fcb98e5c99f38f108f2759,43,Female
503,69fcbcce07252a136e52144b,44,Female
504,69fcbcd4460fdf1315cbf720,19,Male
505,69fcc04ad4f16300d170e9c3,52,Male
506,69fcdb6a16983a805bcd5866,38,Male
508,69fd9c37b73502b67f736eef,35,Female
509,69fda5324f331e76e20c603b,27,Female
510,69fdbb16148df1e63c3a38b1,52,Female
512,69fe015bd01f6585f9f60022,64,Female
514,69fe1bc4deb252aecfe5c9bc,57,Female
515,69fe70065ddfb31cf1c0f4a8,28,Female
516,69feffe876772d18fadd4718,32,Female
517,69ff44271a9ace738ae8b113,37,Male
518,69ff773caae9f9dfb3fc081c,27,Male
519,69ff923a4a6243e697a30e45,32,Male
520,69ffbea27516957e550655d3,33,Male
521,69ffc3bf55fd97a76c8122f4,32,Male
522,69ffe51c43db0ed721411e1c,23,Male
523,6a00782b3c1844750d20d925,57,Female
524,6a0085f1cfa182a2387d9569,36,Female
525,6a00c4f950e36832707d957e,46,Female
526,6a00da75a93846d2de8fb4de,32,Male
527,6a00dc1c1475c019d0eca5c8,57,Female
528,6a00e5e9deafdfa23003cacb,41,Male
529,6a012c1cbb725fe5329c2720,44,Female
530,6a012d3c523e7311f4e55f61,40,Female
531,6a0191d219e6e6746f5d3540,21,Male
532,6a01be72c253a9c43d681ce9,49,Male
535,6a0206ae4926b3707e0947b5,38,Male
536,6a0240bb89bfcb9a0af0d1a2,30,Male
538,6a0309e2af24e551fbc2dfbb,44,Male
539,6a0334858f8c934d3d0a11ce,34,Male
540,6a0377ab9f56f6356a06f3ec,32,Male
541,6a04003da9a80d2816d798e0,30,Male
542,6a044c907346a7aa2eadc5dc,52,Female
543,6a046a67dc2fab30c54305fb,22,Male
544,6a0470f6a149bbd7e5d0a0f8,31,Male
545,6a04d6f7d3e6d5170c2f1584,59,Male
546,6a057f4144808bd931bf3671,45,Female
547,6a05cfedf7595b5a7998e197,37,Female
549,6a05df9dcade14a5baa8434a,35,Male
550,6a05e05af37df6a4f0ef6d55,29,Male
551,6a0620a6000e5c5d2bed8b50,38,Male
552,6a0632eaaddb60fc1d2b8491,23,Male
553,6a065048dfa8bd26680e1879,21,Male
554,6a06c19edd2a8c493cdee676,26,Male
555,6a06dc12135cecc2bcf94568,78,Male
556,6a06eef0341fc6087ddaabd3,25,Male
557,6a06ef45c0e11cb2af19dcc8,30,Male
558,6a073f16a1eef181e8a76922,40,Male
559,6a073f4d800bff2acd176f9c,60,Male
561,6a076914f8806bd38284649d,49,Male
562,6a076f3614ab45d52ff91c51,34,Male
563,6a084cb2633bd3f1ae139ced,30,Male
564,6a08afe4c07d382afc71bd58,31,Male
565,6a08b13c2a04855d83b2ebf0,20,Female
566,6a08b774bdf15bb6615a1a92,31,Female
567,6a08c850e3be322170e22d6f,31,Female
568,6a08ca5af96ffba2293ddd28,42,Female
570,6a08d7ebd6444314bbbf1112,37,Male
571,6a08eac15b9032cb022cd222,59,Female
572,6a09182062280e3d8b8eaa16,23,Female
574,6a099929b303063f931ed8c6,42,Male
575,6a09d2e155a3647e76e665e1,57,Male
576,6a0a3aad897b5c34a76e4f98,23,Female
577,6a0a48ea0931e3441a3ae3c2,60,Female
578,6a0ada5d2213071b53b87ad8,46,Male
579,6a0adda4ab63b9293ca9d4ab,34,Female
580,6a0afd1ca8651a662c016404,54,Male
582,6a0b7f103846830e5cdf8b43,32,Male
583,6a0c2b8a6827ece3df5b621a,52,Male
584,6a0c4ebfa54e06e8983ae3d7,24,Female
585,6a0c5f6a4974d3dfbeb467ae,35,Male
586,6a0c86c4fe89dcf8ce1722ec,46,Male
587,6a0c9f314ede78f48bb48f40,63,Male
588,6a0cd3ed8bba7edfec81cbc8,37,Male
589,6a0ce1af242c8f6fb9613959,27,Male
590,6a0ceb526a36ac0e4a8c578d,22,Male
591,6a0d1f29937a492e8dcafcf4,46,Female
592,6a0da20d58dc03d6d264ea8d,58,Female
593,6a0daf62ec01cd69c04d1da8,35,Male
594,6a0db2c3a8a23f8f5f49aa7f,30,Female
595,6a0dfefeb75ae8ac09c192c6,39,Female
596,6a0e0a1c07683355e2c15e1b,31,Female
597,6a0e0a7870eacd91539865bd,29,Male
598,6a0e2d88eda70a05d180e619,34,Female
600,6a0ee81dd2729be07fec142c,29,Female
601,6a0f1d91b443cab5c9773372,39,Female
602,6a0f4efa4c1c3cea7f8f090a,25,Male
603,6a0f7f555755fb17fcc6b344,32,Male
604,6a103c047a41b7d6a951b5df,61,Male
605,6a107f457b7ce4dc88901bed,26,Female
606,6a108a0097959d3490916711,29,Female
607,6a11d304c9be064b63a68aaf,27,Female
608,6a11e324557eb4511b65ce4d,27,Female
609,6a123e4874b2435cba0e8b92,34,Female
610,6a12bf0b366723d739028ccb,54,Male
611,6a1445c31706d609f057aa73,40,Female
612,6a148943d63fe1ecc3e2970d,23,Male
613,6a151d36d4952d189de576c9,29,Male
614,6a158c342c8ea48823cfe491,28,Female
615,6a159a999f776296ec0f7001,27,Female
616,6a15a43c28a364cdedfc6942,33,Female
617,6a160347cbc7d5c1bb505d0c,60,Female
618,6a16343f3ef36429cb3308ad,58,Female
619,6a16ea99c41f24c9371f4d00,29,Female
620,6a1705de4d66fdccca1d1192,34,Female
621,6a1745e2b2ef7c3636232ca3,26,Female
622,6a178678433793153754c4af,36,Female
623,6a1794b7486df50b1b97ca01,26,Male
624,6a180206a7bd870cd0c881cd,33,Male
625,6a180e18444d23e3161a207a,50,Male
626,6a183b7e601c36357f832aaf,26,Male
628,6a18844500e1a5c8656b9dd8,23,Male
629,6a1893b938af07f113ef5685,32,Male
630,6a18b22fae75cabad16d1c34,21,Male
631,6a1965956c15c31013ac794c,49,Female
632,6a19b14498b3d36bccc467cb,37,Female
633,6a19c883772b4720914ae1e9,63,Male
634,6a19d9bdc85ad46cebd1ad1b,51,Female
635,6a19e138a8904deb31aca23a,19,Male
636,6a19f4402bbcb7abc86e9be3,47,Male
637,6a19f526072b2232cc769e5d,45,Female
638,6a1a0bd71f869a8dcb3c7edc,22,Male
639,6a1ade3f7fa4d05adedb2db4,40,Female
640,6a1c13c0f0f211ada18d99ca,62,Female
641,6a1c278d31944f546d54e1b5,29,Male
643,6a1cacea5ab7e64c95471843,25,Female
644,6a1cf38a0420f205c8b24a16,27,Male
645,6a1d009b4117a2e737b798b4,34,Female
646,6a1d2f27664a6c9c515fcf33,21,Male
647,6a1d365fc392f035a19aa23f,39,Female
648,6a1d422c5cd5b69b949f3d4f,41,Male
649,6a1d632e8e9dab089292fff6,28,Female
651,6a1d76bb8b67e9f450e148b1,35,Male
652,6a1d91dbe54163341ae9b975,41,Female
653,6a1d92c4c92c72064143d2b0,35,Female
654,6a1dbcc832ee874c3f2a76c6,31,Female
655,6a1dfa3eaef836ebd308886e,51,Female
656,6a1e07f708403cea55258e08,20,Female
657,6a1e8e544ddce8244cfc707f,43,Female
658,6a1e98f354da7a484574f5b8,52,Male
659,6a1eba8c12fabb0fa7678822,28,Female
660,6a1ebce36344944543760e59,35,Male
661,6a1ec9f0bcdd976510c2af44,30,Female
662,6a1ee3738a9b88b534145e99,47,Female
663,6a1f148617273ff995df88a0,21,Female
665,6a1f8098dda9c21e70c672cb,22,Male
666,6a1fac10f2bdb04d656bfd81,58,Male
667,6a1fd86b35130b24ecb78cbb,31,Male
668,6a206093b7c9d0a730d897a9,66,Male
669,6a2070430d071786cd8d541a,50,Female
670,6a20c2beaba792630fa44aea,31,Female
671,6a2100cf1c3897567d3b0991,36,Male
672,6a215752a155484c322dae18,42,Female
673,6a21eeb240d1cca79aa0a8cb,25,Female
674,6a2211107c98121dd4e08ca9,21,Male
675,6a22345db1c9fc990edae263,42,Male
677,6a22d7fa25ca84716c2b7950,41,Male
678,6a22f7cfdebb2351a14711fe,36,Male
679,6a2342fd37682352d49da452,33,Female
680,6a23e7a5b90025890cd10ebb,57,Female
681,6a23f76612e5b9614f61efb6,65,Male
682,6a2517dadd6e85c29e03e6f7,64,Male
683,6a252351905808ea26305f94,41,Male
684,6a25733a4ba41a83bc08c661,49,Male
685,6a25d55ce4e1f69ad709a6ae,65,Female
686,6a260bad570908e6ed3b6f2a,18,Female
688,6a342ec02ebd2dd347a348d5,46,Female
689,6a4395a81fed13bab18d322c,37,Female
691,6a44271bdfffd689f0762d81,33,Female
692,6a45565f7a12c276079537f2,46,Female
693,6a46c4af0e50130ea46ff2e5,35,Male
694,6a48734717c8887606b6956e,63,Female
695,6a5777aa44b23afe33eda0c2,66,Male
696,6a671d8f7c25b67143d113e2,27,Male
697,6a7b0a371804ee8cbd013214,26,Male
